               epoch,      train/box_loss,      train/cls_loss,      train/dfl_loss,   metrics/precision,      metrics/recall,     metrics/mAP_0.5,metrics/mAP_0.5:0.95,        val/box_loss,        val/cls_loss,        val/dfl_loss,               x/lr0,               x/lr1,               x/lr2
                   0,              1.2017,             0.93234,               1.008,             0.82065,             0.85006,             0.89378,             0.69436,              0.8805,             0.72465,             0.89605,            0.070173,           0.0033141,           0.0033141
                   1,              1.2374,              0.6355,             0.97594,             0.98767,             0.98107,             0.99398,             0.70775,              1.0372,             0.50619,             0.90933,            0.040108,           0.0065816,           0.0065816
                   2,               1.291,             0.75999,             0.99244,              0.9762,             0.97555,             0.99326,             0.73843,             0.94957,             0.76595,             0.89561,           0.0099758,           0.0097831,           0.0097831
                   3,              1.3137,             0.72067,             0.98711,             0.98968,             0.98316,             0.99407,             0.69958,              1.0602,              0.7456,             0.93662,            0.009703,            0.009703,            0.009703
                   4,              1.2474,               0.613,             0.97208,              0.9924,              0.9869,             0.99433,             0.73073,             0.93258,              0.4848,             0.89456,            0.009703,            0.009703,            0.009703
                   5,              1.1715,             0.57649,             0.93709,             0.99201,             0.98964,             0.99457,             0.77621,             0.82693,             0.41546,             0.86993,            0.009604,            0.009604,            0.009604
                   6,              1.1678,             0.55678,             0.92663,             0.99181,             0.99032,              0.9945,             0.76197,             0.90687,             0.43074,             0.87995,            0.009505,            0.009505,            0.009505
                   7,              1.1228,             0.53015,             0.92322,             0.99089,             0.99069,              0.9946,             0.79353,             0.80372,              0.3905,             0.85774,            0.009406,            0.009406,            0.009406
                   8,              1.0547,             0.50016,             0.91333,             0.99348,             0.98918,              0.9946,             0.78735,             0.84116,             0.39664,             0.86634,            0.009307,            0.009307,            0.009307
                   9,              1.0728,             0.48106,             0.90567,             0.99421,             0.98961,             0.99456,             0.80672,             0.78833,             0.38173,             0.85495,            0.009208,            0.009208,            0.009208
                  10,              1.0307,             0.46747,             0.91077,              0.9924,             0.99117,             0.99444,             0.79036,             0.82146,             0.37509,             0.86366,            0.009109,            0.009109,            0.009109
                  11,             0.99557,             0.48663,             0.90145,             0.99149,             0.99188,             0.99453,             0.81442,             0.74832,             0.37605,             0.84886,             0.00901,             0.00901,             0.00901
                  12,              1.0021,             0.45233,             0.90179,             0.99401,             0.99183,              0.9947,             0.79732,             0.80486,             0.36596,             0.85539,            0.008911,            0.008911,            0.008911
                  13,             0.99082,             0.45327,             0.89316,             0.99166,             0.99245,             0.99462,             0.81035,             0.76715,             0.36018,              0.8501,            0.008812,            0.008812,            0.008812
                  14,              0.9495,             0.45338,             0.89154,             0.99372,             0.99032,             0.99464,             0.80962,              0.7538,             0.35666,             0.84925,            0.008713,            0.008713,            0.008713
                  15,             0.96425,             0.44568,             0.88905,             0.99091,              0.9933,             0.99457,             0.81264,             0.76668,             0.34669,             0.84863,            0.008614,            0.008614,            0.008614
                  16,             0.95459,              0.4245,             0.89137,             0.99176,              0.9935,             0.99458,             0.82042,             0.74643,             0.33465,             0.84364,            0.008515,            0.008515,            0.008515
                  17,             0.93498,             0.42806,             0.88151,             0.99345,             0.99357,             0.99473,             0.83348,             0.68981,             0.32141,             0.83246,            0.008416,            0.008416,            0.008416
                  18,             0.93056,              0.4178,             0.88215,             0.99371,             0.99274,             0.99467,             0.81586,             0.76093,             0.33477,             0.84344,            0.008317,            0.008317,            0.008317
                  19,             0.91346,              0.4117,             0.88043,             0.99571,             0.99108,             0.99449,             0.82223,             0.72693,             0.34929,             0.83945,            0.008218,            0.008218,            0.008218
                  20,             0.88925,             0.40873,             0.88273,             0.99387,               0.992,             0.99456,             0.83475,             0.69093,             0.33727,             0.83037,            0.008119,            0.008119,            0.008119
                  21,             0.88427,             0.40169,             0.87549,             0.99359,             0.99361,             0.99457,             0.84143,             0.67781,             0.31713,             0.82935,             0.00802,             0.00802,             0.00802
                  22,             0.88886,             0.40144,             0.87932,             0.99181,             0.99573,             0.99462,             0.82814,             0.73125,             0.32355,              0.8363,            0.007921,            0.007921,            0.007921
                  23,             0.89258,             0.40202,             0.87852,             0.99162,             0.99389,             0.99466,             0.81939,             0.73981,             0.31815,             0.84137,            0.007822,            0.007822,            0.007822
                  24,             0.89113,             0.40202,             0.87388,              0.9943,             0.99359,             0.99467,             0.82519,             0.71536,             0.32576,             0.83337,            0.007723,            0.007723,            0.007723
                  25,             0.86999,             0.38963,             0.86878,             0.99335,             0.99473,             0.99466,             0.81548,             0.76423,             0.34002,             0.84334,            0.007624,            0.007624,            0.007624
                  26,             0.85367,              0.3932,             0.87259,             0.99163,             0.99522,             0.99454,             0.82756,             0.71234,             0.32003,             0.83525,            0.007525,            0.007525,            0.007525
                  27,             0.86883,              0.3923,             0.87035,             0.99078,             0.99487,             0.99463,             0.84142,             0.67911,             0.30837,             0.82881,            0.007426,            0.007426,            0.007426
                  28,             0.84972,             0.39162,             0.86965,             0.99146,             0.99373,             0.99442,             0.82841,             0.70907,             0.30934,              0.8347,            0.007327,            0.007327,            0.007327
                  29,             0.85181,             0.38043,             0.86967,             0.99313,             0.99388,             0.99463,             0.84396,             0.67355,             0.30167,              0.8262,            0.007228,            0.007228,            0.007228
                  30,             0.85383,             0.38202,             0.86539,             0.99151,              0.9953,             0.99475,             0.83032,             0.71441,             0.31549,             0.83256,            0.007129,            0.007129,            0.007129
                  31,             0.83028,             0.37748,             0.86757,             0.99444,             0.99321,             0.99459,             0.84353,             0.67128,             0.30331,             0.82648,             0.00703,             0.00703,             0.00703
                  32,             0.83586,             0.37533,             0.86316,             0.99303,             0.99474,             0.99461,             0.83707,             0.69095,             0.30598,             0.82936,            0.006931,            0.006931,            0.006931
                  33,             0.83769,             0.37403,             0.86674,             0.99543,             0.99168,             0.99466,               0.848,             0.66156,             0.29853,             0.82305,            0.006832,            0.006832,            0.006832
                  34,             0.81194,             0.37195,             0.85792,              0.9952,             0.99473,              0.9947,             0.84411,             0.67067,             0.29657,             0.82364,            0.006733,            0.006733,            0.006733
                  35,             0.81293,             0.36045,             0.85798,             0.99247,             0.99428,              0.9947,             0.84087,             0.68465,             0.30302,             0.82866,            0.006634,            0.006634,            0.006634
                  36,             0.81896,             0.36905,             0.86443,             0.99318,             0.99495,             0.99469,             0.84719,             0.66014,             0.29318,             0.82289,            0.006535,            0.006535,            0.006535
                  37,             0.80809,             0.36232,             0.86415,             0.99367,             0.99502,             0.99463,             0.83775,             0.69014,             0.30247,                0.83,            0.006436,            0.006436,            0.006436
                  38,             0.80793,             0.37073,             0.86094,             0.99374,             0.99391,             0.99464,             0.84087,             0.68519,             0.29818,             0.82715,            0.006337,            0.006337,            0.006337
                  39,             0.82707,             0.36632,             0.85837,             0.99415,             0.99317,             0.99456,             0.83847,             0.68808,             0.29573,             0.82884,            0.006238,            0.006238,            0.006238
                  40,             0.79988,             0.36034,             0.85811,             0.99285,             0.99644,             0.99465,             0.85159,             0.64621,             0.28725,             0.81936,            0.006139,            0.006139,            0.006139
                  41,             0.79677,             0.35636,             0.85828,              0.9939,             0.99331,             0.99465,             0.84651,             0.67034,             0.29294,             0.82401,             0.00604,             0.00604,             0.00604
                  42,             0.78604,             0.35614,              0.8553,             0.99405,             0.99445,             0.99465,             0.84875,             0.66905,             0.28502,             0.82498,            0.005941,            0.005941,            0.005941
                  43,             0.80068,             0.35399,             0.86067,             0.99445,             0.99531,             0.99449,             0.84567,             0.66294,             0.29293,             0.82392,            0.005842,            0.005842,            0.005842
                  44,             0.78811,             0.35227,             0.85832,             0.99346,             0.99503,             0.99469,             0.85487,             0.64357,             0.27767,             0.81962,            0.005743,            0.005743,            0.005743
                  45,             0.76978,             0.34558,             0.85675,             0.99447,             0.99487,             0.99464,             0.85257,             0.64387,             0.27917,              0.8196,            0.005644,            0.005644,            0.005644
                  46,             0.77779,             0.34683,             0.85569,              0.9943,             0.99362,              0.9946,             0.85163,              0.6454,             0.28299,             0.81906,            0.005545,            0.005545,            0.005545
                  47,             0.76396,             0.34199,              0.8539,             0.99301,             0.99644,             0.99462,             0.85363,             0.64567,             0.28033,             0.81954,            0.005446,            0.005446,            0.005446
                  48,             0.77461,             0.34352,             0.85466,             0.99561,             0.99245,             0.99462,             0.85655,             0.63767,             0.27142,             0.81784,            0.005347,            0.005347,            0.005347
                  49,             0.77556,             0.34371,             0.85229,             0.99282,             0.99445,             0.99463,             0.85479,              0.6462,             0.27539,             0.81909,            0.005248,            0.005248,            0.005248
                  50,             0.75774,             0.34045,             0.85539,             0.99459,             0.99484,             0.99474,             0.85791,             0.63453,              0.2748,             0.81628,            0.005149,            0.005149,            0.005149
                  51,             0.74918,             0.33678,             0.84942,             0.99459,             0.99403,             0.99467,             0.85151,              0.6541,             0.28244,             0.82066,             0.00505,             0.00505,             0.00505
                  52,             0.75433,             0.33595,              0.8488,             0.99136,             0.99699,             0.99469,             0.85588,             0.63823,              0.2718,             0.81802,            0.004951,            0.004951,            0.004951
                  53,              0.7567,             0.33558,             0.84757,             0.99248,             0.99664,             0.99466,             0.85219,             0.65316,             0.27644,             0.82109,            0.004852,            0.004852,            0.004852
                  54,              0.7534,             0.33517,             0.84839,             0.99431,             0.99593,              0.9947,             0.85807,             0.64291,              0.2703,             0.81811,            0.004753,            0.004753,            0.004753
                  55,             0.74356,             0.33655,             0.85011,             0.99343,             0.99601,             0.99463,             0.85891,             0.63279,             0.27125,             0.81609,            0.004654,            0.004654,            0.004654
                  56,             0.74704,             0.33275,             0.85013,             0.99379,             0.99573,              0.9946,             0.85743,             0.63515,             0.26961,             0.81748,            0.004555,            0.004555,            0.004555
                  57,             0.74025,             0.32698,             0.84905,             0.99508,             0.99559,             0.99457,             0.85871,                0.63,             0.26734,             0.81628,            0.004456,            0.004456,            0.004456
                  58,             0.72883,             0.32505,             0.84746,             0.99601,             0.99416,             0.99468,             0.85995,             0.63042,             0.27322,             0.81592,            0.004357,            0.004357,            0.004357
                  59,             0.74225,              0.3289,             0.85283,             0.99516,             0.99527,             0.99467,             0.85895,             0.63112,             0.26929,             0.81628,            0.004258,            0.004258,            0.004258
                  60,             0.74963,             0.33178,             0.84833,             0.99402,             0.99573,             0.99448,             0.86054,             0.62856,             0.26755,              0.8161,            0.004159,            0.004159,            0.004159
                  61,             0.73775,             0.32896,             0.84181,             0.99375,             0.99606,             0.99447,             0.85771,              0.6343,             0.26831,             0.81685,             0.00406,             0.00406,             0.00406
                  62,             0.73516,             0.32357,             0.84849,             0.99479,             0.99473,             0.99452,             0.86042,             0.62722,             0.26495,             0.81476,            0.003961,            0.003961,            0.003961
                  63,             0.71753,             0.31873,             0.84474,             0.99418,             0.99687,             0.99455,             0.85992,             0.63342,             0.26626,             0.81594,            0.003862,            0.003862,            0.003862
                  64,             0.72955,             0.32064,             0.84527,             0.99638,             0.99373,             0.99446,             0.85675,             0.63376,             0.26387,             0.81612,            0.003763,            0.003763,            0.003763
                  65,             0.72936,             0.32021,             0.84619,             0.99539,             0.99601,             0.99463,             0.85992,             0.62491,             0.26388,             0.81459,            0.003664,            0.003664,            0.003664
                  66,             0.72166,             0.32026,             0.84213,              0.9946,             0.99622,             0.99454,             0.85866,             0.63283,              0.2691,             0.81623,            0.003565,            0.003565,            0.003565
                  67,             0.70443,              0.3113,             0.84323,              0.9953,              0.9949,             0.99471,             0.85979,             0.62674,             0.26259,             0.81492,            0.003466,            0.003466,            0.003466
                  68,             0.70645,             0.31407,             0.84344,             0.99533,             0.99516,             0.99462,             0.86146,             0.62268,              0.2595,             0.81488,            0.003367,            0.003367,            0.003367
                  69,             0.72469,             0.31742,             0.84187,             0.99403,             0.99652,              0.9946,             0.86222,              0.6253,             0.25733,              0.8142,            0.003268,            0.003268,            0.003268
                  70,              0.7214,             0.31878,             0.84298,             0.99401,             0.99687,             0.99456,             0.86032,             0.62808,             0.26083,             0.81461,            0.003169,            0.003169,            0.003169
                  71,             0.70398,             0.31133,             0.84221,             0.99516,             0.99522,             0.99465,             0.85988,              0.6259,             0.26108,             0.81476,             0.00307,             0.00307,             0.00307
                  72,             0.71686,             0.31281,             0.84449,             0.99543,             0.99473,             0.99464,               0.861,             0.62143,             0.25655,             0.81379,            0.002971,            0.002971,            0.002971
                  73,             0.70237,             0.31004,             0.84211,             0.99694,             0.99473,             0.99461,             0.86387,             0.62048,             0.25753,             0.81315,            0.002872,            0.002872,            0.002872
                  74,             0.69779,             0.30529,             0.84198,             0.99544,             0.99601,             0.99465,             0.86272,             0.62149,             0.25936,             0.81392,            0.002773,            0.002773,            0.002773
                  75,             0.69642,             0.30573,              0.8446,             0.99643,             0.99465,             0.99468,             0.86182,             0.62463,             0.25616,             0.81426,            0.002674,            0.002674,            0.002674
                  76,             0.69744,             0.30574,             0.83612,              0.9946,             0.99666,             0.99465,             0.86277,             0.62029,             0.25576,             0.81338,            0.002575,            0.002575,            0.002575
                  77,             0.70143,             0.30502,              0.8471,             0.99376,             0.99687,             0.99458,             0.86298,             0.62302,             0.25544,             0.81407,            0.002476,            0.002476,            0.002476
                  78,             0.69034,             0.29999,             0.83807,             0.99264,               0.998,             0.99465,             0.86242,             0.62211,             0.25302,             0.81393,            0.002377,            0.002377,            0.002377
                  79,             0.68651,              0.3008,             0.84165,             0.99333,             0.99675,             0.99459,             0.86484,               0.617,             0.25182,             0.81282,            0.002278,            0.002278,            0.002278
                  80,             0.68334,             0.29772,             0.84507,             0.99398,             0.99687,             0.99466,             0.86583,             0.61318,             0.25016,              0.8115,            0.002179,            0.002179,            0.002179
                  81,             0.69588,             0.30645,             0.83921,              0.9953,             0.99556,             0.99473,              0.8674,              0.6133,             0.25154,             0.81189,             0.00208,             0.00208,             0.00208
                  82,             0.69161,             0.30218,             0.83956,             0.99432,             0.99634,             0.99469,             0.86637,              0.6144,             0.25056,             0.81247,            0.001981,            0.001981,            0.001981
                  83,             0.67628,             0.29499,             0.83719,             0.99413,             0.99587,             0.99465,             0.86581,             0.60991,             0.24844,             0.81177,            0.001882,            0.001882,            0.001882
                  84,             0.67492,             0.29656,             0.83626,             0.99601,             0.99439,             0.99467,             0.86619,             0.61433,             0.24846,               0.812,            0.001783,            0.001783,            0.001783
                  85,             0.67755,             0.29598,             0.83697,             0.99544,             0.99565,             0.99466,             0.86362,              0.6139,             0.24964,             0.81193,            0.001684,            0.001684,            0.001684
                  86,             0.67499,             0.29677,             0.83757,             0.99575,             0.99516,              0.9946,             0.86572,             0.61346,             0.24996,             0.81192,            0.001585,            0.001585,            0.001585
                  87,             0.67988,             0.29493,             0.83639,             0.99587,             0.99525,             0.99463,             0.86618,             0.61235,             0.25065,             0.81188,            0.001486,            0.001486,            0.001486
                  88,             0.68608,             0.29543,             0.83921,             0.99461,             0.99601,              0.9946,             0.86577,             0.61271,             0.24766,             0.81197,            0.001387,            0.001387,            0.001387
                  89,             0.67085,              0.2921,             0.83513,             0.99389,              0.9962,             0.99463,             0.86651,             0.61492,             0.24866,             0.81274,            0.001288,            0.001288,            0.001288
                  90,             0.67922,             0.29634,             0.83406,             0.99637,             0.99445,              0.9946,             0.86749,             0.61256,             0.24944,             0.81222,            0.001189,            0.001189,            0.001189
                  91,             0.66304,             0.28815,              0.8339,             0.99478,             0.99573,              0.9946,             0.86823,             0.60695,             0.24571,             0.81079,             0.00109,             0.00109,             0.00109
                  92,             0.66123,             0.28664,             0.83541,             0.99417,             0.99658,             0.99456,             0.86912,             0.60643,             0.24428,             0.81052,            0.000991,            0.000991,            0.000991
                  93,             0.65999,             0.28633,             0.83357,             0.99333,             0.99734,             0.99457,             0.86974,             0.60672,             0.24491,              0.8107,            0.000892,            0.000892,            0.000892
                  94,             0.66401,             0.28536,             0.83459,             0.99417,             0.99635,             0.99456,             0.86928,             0.60728,             0.24461,             0.81086,            0.000793,            0.000793,            0.000793
                  95,             0.65885,             0.28479,             0.83444,             0.99374,             0.99729,              0.9946,             0.86912,             0.60894,             0.24313,             0.81128,            0.000694,            0.000694,            0.000694
                  96,             0.65473,             0.28251,             0.83379,             0.99388,             0.99772,             0.99461,             0.86912,             0.60768,             0.24155,             0.81065,            0.000595,            0.000595,            0.000595
                  97,             0.66514,             0.28572,             0.83876,             0.99371,             0.99744,             0.99459,             0.87011,             0.60603,             0.23963,             0.81047,            0.000496,            0.000496,            0.000496
                  98,             0.65459,             0.28404,             0.83212,             0.99348,             0.99764,             0.99456,              0.8698,             0.60501,             0.23991,             0.81014,            0.000397,            0.000397,            0.000397
                  99,             0.65311,             0.28095,             0.83104,             0.99344,             0.99744,             0.99459,             0.86974,             0.60615,             0.23983,             0.81081,            0.000298,            0.000298,            0.000298
                   0,              1.1829,             0.89757,              1.0013,             0.98173,             0.97184,             0.99181,             0.73316,              0.9475,             0.45456,              0.8948,            0.070173,           0.0033141,           0.0033141
                   1,              1.2425,             0.65518,                0.98,              0.9865,             0.98576,              0.9939,             0.71384,              1.0492,             0.65268,              0.9243,            0.040108,           0.0065816,           0.0065816
                   2,              1.3123,             0.71778,             0.99473,             0.97965,             0.97878,             0.99255,             0.69464,              1.0567,             0.63638,             0.92529,           0.0099758,           0.0097831,           0.0097831
                   3,              1.2908,             0.76565,              0.9977,             0.98781,             0.98104,             0.99392,             0.75437,             0.93013,               0.651,             0.89695,            0.009703,            0.009703,            0.009703
                   4,              1.2679,             0.64531,             0.97188,             0.99073,             0.98605,             0.99429,             0.75291,             0.90529,             0.52079,             0.88699,            0.009703,            0.009703,            0.009703
                   5,               1.191,             0.59809,              0.9508,             0.99268,             0.98527,             0.99418,             0.75551,             0.92233,             0.45795,              0.8987,            0.009604,            0.009604,            0.009604
                   6,              1.1563,             0.54083,             0.93946,             0.98932,             0.98897,             0.99442,             0.76864,             0.88812,             0.41837,             0.88011,            0.009505,            0.009505,            0.009505
                   7,              1.1163,             0.51776,             0.92646,             0.99173,             0.99072,             0.99457,             0.80172,             0.79549,             0.40759,             0.85928,            0.009406,            0.009406,            0.009406
                   8,              1.1017,              0.4996,             0.92315,             0.99093,             0.99074,             0.99447,              0.7569,             0.92716,             0.39901,             0.89474,            0.009307,            0.009307,            0.009307
                   9,              1.0708,             0.50078,              0.9134,              0.9948,             0.98875,             0.99462,             0.79868,             0.79578,             0.40636,             0.85366,            0.009208,            0.009208,            0.009208
                  10,              1.0444,             0.48488,             0.90516,             0.99174,             0.99146,             0.99464,             0.80173,             0.78192,             0.38349,             0.85457,            0.009109,            0.009109,            0.009109
                  11,              1.0363,             0.46932,              0.9101,             0.98876,             0.98996,             0.99441,             0.79517,             0.79319,               0.375,             0.85403,             0.00901,             0.00901,             0.00901
                  12,             0.98862,             0.45278,             0.89765,             0.99316,             0.99306,             0.99468,             0.81155,             0.75844,             0.36169,             0.85203,            0.008911,            0.008911,            0.008911
                  13,             0.97448,             0.44642,             0.89437,             0.99316,             0.99302,             0.99463,              0.8208,             0.73747,             0.33981,             0.84283,            0.008812,            0.008812,            0.008812
                  14,             0.95235,               0.435,              0.8948,              0.9913,             0.99473,             0.99455,             0.81998,             0.73855,             0.35655,             0.84161,            0.008713,            0.008713,            0.008713
                  15,             0.95582,             0.43251,             0.89044,             0.99316,             0.99196,             0.99456,             0.83263,              0.6986,             0.32936,             0.83489,            0.008614,            0.008614,            0.008614
                  16,              0.9411,             0.42761,             0.88385,             0.99288,             0.99487,             0.99463,              0.8061,             0.79131,             0.35132,             0.84709,            0.008515,            0.008515,            0.008515
                  17,             0.91751,             0.42191,             0.88296,             0.99246,             0.99331,              0.9947,             0.83689,             0.68764,             0.32369,             0.83294,            0.008416,            0.008416,            0.008416
                  18,             0.91698,             0.41001,             0.88887,             0.99218,             0.99384,             0.99454,             0.83285,             0.70035,             0.32293,             0.83526,            0.008317,            0.008317,            0.008317
                  19,             0.91941,             0.41905,             0.88278,             0.99331,             0.99324,              0.9946,             0.79647,             0.79763,             0.33512,             0.85634,            0.008218,            0.008218,            0.008218
                  20,             0.92165,             0.40748,             0.88601,             0.99235,             0.99544,             0.99456,             0.83816,              0.6817,             0.32237,             0.82836,            0.008119,            0.008119,            0.008119
                  21,             0.89744,             0.41699,             0.87305,             0.99324,             0.99416,             0.99448,              0.8401,              0.6774,             0.32426,             0.82858,             0.00802,             0.00802,             0.00802
                  22,             0.90238,             0.41058,             0.87296,             0.99314,             0.99388,             0.99449,             0.83673,             0.68391,             0.31944,             0.82981,            0.007921,            0.007921,            0.007921
                  23,             0.89878,             0.41022,             0.87425,             0.99208,             0.99359,             0.99461,             0.83331,             0.69822,             0.31061,              0.8323,            0.007822,            0.007822,            0.007822
                  24,             0.87678,             0.39862,              0.8803,             0.99402,             0.99378,             0.99464,              0.8382,             0.67972,             0.31921,             0.82501,            0.007723,            0.007723,            0.007723
                  25,              0.8789,             0.39711,             0.87438,             0.99095,             0.99755,             0.99467,             0.83973,             0.70047,             0.31745,             0.82927,            0.007624,            0.007624,            0.007624
                  26,             0.88071,             0.39705,             0.87065,             0.99136,             0.99701,             0.99459,              0.8396,             0.68108,              0.3133,             0.82785,            0.007525,            0.007525,            0.007525
                  27,             0.86963,             0.38939,             0.87237,              0.9943,             0.99302,             0.99463,              0.8351,             0.69627,              0.3148,             0.83182,            0.007426,            0.007426,            0.007426
                  28,             0.86578,             0.39373,             0.86972,             0.99371,             0.99359,             0.99467,             0.83622,             0.69708,             0.31001,             0.83001,            0.007327,            0.007327,            0.007327
                  29,             0.86543,             0.38927,             0.87539,             0.99374,             0.99405,             0.99464,             0.83775,             0.68373,             0.31855,              0.8272,            0.007228,            0.007228,            0.007228
                  30,             0.85931,             0.38772,             0.87095,             0.99558,             0.99506,             0.99464,             0.84603,             0.67128,             0.29724,             0.82282,            0.007129,            0.007129,            0.007129
                  31,             0.84724,             0.37946,             0.86594,             0.99462,             0.99416,             0.99473,             0.83297,             0.70594,             0.30402,             0.82948,             0.00703,             0.00703,             0.00703
                  32,             0.82635,             0.37042,             0.86965,             0.99473,             0.99376,             0.99473,             0.83999,             0.68333,             0.30021,             0.82685,            0.006931,            0.006931,            0.006931
                  33,              0.8358,              0.3731,             0.86549,             0.99385,             0.99402,             0.99459,             0.84919,             0.65651,             0.29336,             0.82125,            0.006832,            0.006832,            0.006832
                  34,             0.82821,              0.3826,             0.86724,             0.99302,             0.99644,             0.99464,             0.85329,             0.64802,             0.29426,             0.82091,            0.006733,            0.006733,            0.006733
                  35,             0.80827,             0.36519,             0.86676,             0.99289,             0.99459,             0.99465,             0.84056,             0.68787,             0.30478,             0.82782,            0.006634,            0.006634,            0.006634
                  36,             0.82961,             0.37175,             0.86085,              0.9936,             0.99518,             0.99457,             0.84922,             0.65395,             0.29121,             0.82074,            0.006535,            0.006535,            0.006535
                  37,             0.81785,              0.3635,             0.86429,             0.99508,             0.99487,             0.99458,             0.84706,             0.66909,             0.29039,              0.8222,            0.006436,            0.006436,            0.006436
                  38,              0.8224,             0.36941,             0.85545,             0.99431,             0.99539,             0.99458,             0.84645,             0.66911,             0.29985,             0.82335,            0.006337,            0.006337,            0.006337
                  39,             0.80812,             0.36102,             0.86468,             0.99389,             0.99614,             0.99462,             0.84337,              0.6746,             0.29878,             0.82542,            0.006238,            0.006238,            0.006238
                  40,             0.80296,             0.36178,             0.85721,             0.99337,              0.9963,             0.99469,             0.85001,             0.66042,             0.28482,             0.82194,            0.006139,            0.006139,            0.006139
                  41,             0.79977,             0.35536,              0.8593,             0.99319,             0.99632,             0.99447,              0.8458,             0.66488,             0.28604,             0.82439,             0.00604,             0.00604,             0.00604
                  42,             0.79755,             0.35758,             0.85884,             0.99297,              0.9963,             0.99468,             0.84931,             0.66054,             0.28576,             0.82256,            0.005941,            0.005941,            0.005941
                  43,             0.79348,             0.35551,             0.86068,             0.99445,              0.9947,             0.99449,             0.84895,             0.65579,             0.28857,             0.82081,            0.005842,            0.005842,            0.005842
                  44,             0.78811,             0.35076,             0.85827,             0.99501,             0.99391,             0.99456,             0.85806,             0.63699,             0.27947,             0.81778,            0.005743,            0.005743,            0.005743
                  45,             0.77719,             0.34528,             0.85939,             0.99517,             0.99402,             0.99456,             0.84983,             0.66009,               0.282,             0.82115,            0.005644,            0.005644,            0.005644
                  46,             0.78043,             0.34724,             0.85691,             0.99572,             0.99419,             0.99466,             0.85418,             0.65454,             0.28009,             0.82124,            0.005545,            0.005545,            0.005545
                  47,             0.78119,             0.34593,             0.85212,             0.99521,             0.99487,             0.99464,             0.85554,             0.64163,             0.27427,             0.81672,            0.005446,            0.005446,            0.005446
                  48,             0.78135,             0.35163,             0.84878,             0.99487,              0.9948,             0.99464,             0.85744,             0.63326,             0.27645,             0.81644,            0.005347,            0.005347,            0.005347
                  49,             0.78035,             0.35222,             0.85235,             0.99601,             0.99421,             0.99464,             0.85121,             0.64956,             0.28048,             0.81936,            0.005248,            0.005248,            0.005248
                  50,             0.77604,             0.34538,             0.85412,              0.9953,             0.99449,             0.99469,             0.85782,             0.63604,             0.27424,             0.81733,            0.005149,            0.005149,            0.005149
                  51,             0.76087,             0.33969,             0.84492,             0.99476,             0.99559,             0.99469,             0.85985,             0.62938,              0.2703,             0.81626,             0.00505,             0.00505,             0.00505
                  52,             0.75988,             0.33996,             0.85471,             0.99505,             0.99487,             0.99466,             0.85889,             0.63379,             0.26746,             0.81617,            0.004951,            0.004951,            0.004951
                  53,             0.76878,             0.34389,              0.8503,             0.99588,              0.9953,             0.99465,             0.85748,             0.63178,             0.27074,             0.81606,            0.004852,            0.004852,            0.004852
                  54,              0.7509,             0.33511,               0.852,             0.99473,             0.99511,             0.99468,             0.85233,             0.65291,             0.27381,             0.82036,            0.004753,            0.004753,            0.004753
                  55,             0.75913,             0.33931,             0.84821,             0.99377,             0.99601,             0.99469,             0.85852,             0.63568,             0.27034,             0.81666,            0.004654,            0.004654,            0.004654
                  56,             0.76505,             0.33945,             0.84626,             0.99544,             0.99405,             0.99465,             0.85713,             0.63367,             0.27191,             0.81605,            0.004555,            0.004555,            0.004555
                  57,             0.74131,              0.3322,             0.84592,             0.99567,             0.99445,              0.9947,             0.85813,             0.63307,             0.26654,             0.81644,            0.004456,            0.004456,            0.004456
                  58,             0.74162,             0.32918,             0.84702,              0.9939,             0.99779,             0.99473,             0.85697,             0.63576,             0.26819,             0.81647,            0.004357,            0.004357,            0.004357
                  59,              0.7371,             0.32594,             0.85089,             0.99502,              0.9961,             0.99471,             0.85981,             0.62429,             0.26476,             0.81404,            0.004258,            0.004258,            0.004258
                  60,             0.73835,             0.32633,              0.8473,             0.99533,             0.99473,             0.99459,             0.85887,             0.63392,             0.26935,             0.81666,            0.004159,            0.004159,            0.004159
                  61,             0.73752,             0.32703,             0.84964,             0.99425,             0.99587,             0.99465,             0.86091,             0.62362,             0.26416,             0.81381,             0.00406,             0.00406,             0.00406
                  62,             0.72552,              0.3239,              0.8468,             0.99521,             0.99544,             0.99467,             0.85998,              0.6308,             0.26527,             0.81553,            0.003961,            0.003961,            0.003961
                  63,             0.73335,             0.32158,             0.84783,             0.99433,             0.99573,             0.99463,             0.86326,             0.61942,             0.26029,             0.81272,            0.003862,            0.003862,            0.003862
                  64,             0.72099,             0.31845,             0.84483,             0.99378,             0.99616,             0.99459,             0.86231,             0.62206,             0.26102,               0.814,            0.003763,            0.003763,            0.003763
                  65,             0.72486,             0.32007,             0.84567,              0.9955,             0.99459,             0.99458,             0.86162,             0.62778,             0.26091,             0.81417,            0.003664,            0.003664,            0.003664
                  66,             0.71882,             0.31747,             0.84646,             0.99457,             0.99544,             0.99457,             0.86309,             0.62191,             0.26123,              0.8135,            0.003565,            0.003565,            0.003565
                  67,             0.72425,              0.3192,             0.84577,             0.99572,              0.9948,             0.99462,             0.86329,             0.61975,             0.25989,             0.81302,            0.003466,            0.003466,            0.003466
                  68,             0.71818,             0.31882,             0.84229,             0.99453,              0.9953,             0.99458,             0.86025,             0.62475,             0.26335,             0.81406,            0.003367,            0.003367,            0.003367
                  69,             0.71965,             0.31801,             0.84631,             0.99423,             0.99559,             0.99461,             0.86262,             0.61653,             0.25912,             0.81241,            0.003268,            0.003268,            0.003268
                  70,             0.71119,             0.31487,             0.84129,             0.99516,             0.99512,              0.9946,             0.86302,              0.6182,             0.25659,              0.8131,            0.003169,            0.003169,            0.003169
                  71,             0.72281,             0.31814,              0.8443,             0.99431,             0.99541,             0.99463,             0.86393,             0.62045,             0.25661,             0.81329,             0.00307,             0.00307,             0.00307
                  72,             0.69523,             0.31132,             0.84148,             0.99431,             0.99549,             0.99445,             0.86052,             0.62368,             0.25913,             0.81348,            0.002971,            0.002971,            0.002971
                  73,             0.71197,             0.31287,             0.84751,             0.99486,             0.99559,              0.9945,             0.86165,             0.62328,             0.25748,             0.81364,            0.002872,            0.002872,            0.002872
                  74,             0.70217,             0.30899,             0.83892,             0.99389,             0.99616,              0.9946,             0.86481,              0.6142,             0.25341,             0.81209,            0.002773,            0.002773,            0.002773
                  75,               0.704,             0.31053,              0.8393,             0.99389,             0.99677,             0.99452,             0.86586,             0.61452,             0.25394,             0.81196,            0.002674,            0.002674,            0.002674
                  76,             0.70115,             0.30882,             0.84055,             0.99516,             0.99457,             0.99457,             0.86401,             0.61307,             0.25443,             0.81186,            0.002575,            0.002575,            0.002575
                  77,             0.70763,             0.31039,             0.84419,             0.99488,             0.99584,             0.99452,             0.86556,             0.61152,             0.25281,             0.81183,            0.002476,            0.002476,            0.002476
                  78,             0.70366,             0.31026,             0.84529,             0.99468,             0.99473,             0.99452,             0.86402,             0.61826,             0.25169,             0.81242,            0.002377,            0.002377,            0.002377
                  79,             0.68335,             0.30096,             0.84035,             0.99457,             0.99502,              0.9945,              0.8668,             0.61091,             0.24989,             0.81093,            0.002278,            0.002278,            0.002278
                  80,             0.69786,              0.3034,              0.8386,             0.99479,             0.99487,             0.99456,             0.86693,             0.61601,             0.25088,             0.81222,            0.002179,            0.002179,            0.002179
                  81,             0.69116,             0.30032,             0.84038,             0.99347,             0.99633,             0.99444,             0.86554,             0.61085,             0.25102,             0.81161,             0.00208,             0.00208,             0.00208
                  82,             0.69833,             0.30373,             0.83923,             0.99331,             0.99701,             0.99448,             0.86673,             0.61231,             0.24891,             0.81162,            0.001981,            0.001981,            0.001981
                  83,             0.69289,             0.30014,             0.84082,              0.9953,             0.99549,             0.99451,             0.86509,             0.61448,             0.24894,             0.81258,            0.001882,            0.001882,            0.001882
                  84,             0.68215,             0.29915,             0.83629,             0.99377,             0.99616,             0.99448,             0.86655,             0.61199,             0.24813,             0.81179,            0.001783,            0.001783,            0.001783
                  85,             0.68488,             0.29712,             0.83795,             0.99377,             0.99601,             0.99449,             0.86569,              0.6143,             0.24805,             0.81221,            0.001684,            0.001684,            0.001684
                  86,             0.69111,             0.30142,              0.8377,             0.99389,             0.99604,             0.99448,             0.86499,             0.61577,             0.24825,             0.81238,            0.001585,            0.001585,            0.001585
                  87,             0.68025,              0.2954,             0.83639,             0.99578,             0.99516,             0.99451,             0.86695,             0.60952,             0.24655,             0.81141,            0.001486,            0.001486,            0.001486
                  88,             0.67466,             0.29228,             0.84013,             0.99417,             0.99636,             0.99448,             0.86617,             0.61147,             0.24666,             0.81166,            0.001387,            0.001387,            0.001387
                  89,             0.67571,             0.29451,             0.83898,              0.9939,             0.99687,             0.99451,             0.86772,             0.61117,             0.24551,             0.81147,            0.001288,            0.001288,            0.001288
                  90,             0.67307,             0.29207,             0.83521,              0.9946,             0.99621,             0.99452,             0.86867,             0.60386,             0.24382,             0.80985,            0.001189,            0.001189,            0.001189
                  91,             0.67378,             0.29344,             0.83592,             0.99432,             0.99623,             0.99455,             0.86765,             0.60869,             0.24464,             0.81089,             0.00109,             0.00109,             0.00109
                  92,             0.67827,              0.2922,             0.83786,             0.99403,             0.99605,             0.99458,              0.8692,             0.60299,              0.2421,              0.8096,            0.000991,            0.000991,            0.000991
                  93,             0.66701,             0.28796,             0.83904,             0.99657,             0.99326,             0.99461,             0.86727,             0.60838,             0.24322,             0.81092,            0.000892,            0.000892,            0.000892
                  94,             0.65699,             0.28277,             0.83678,             0.99316,             0.99687,              0.9946,             0.86951,             0.60741,             0.24383,             0.81044,            0.000793,            0.000793,            0.000793
                  95,             0.66531,             0.28815,             0.83456,             0.99502,             0.99564,             0.99457,             0.86964,             0.60487,              0.2415,             0.81037,            0.000694,            0.000694,            0.000694
                  96,             0.66709,             0.28766,             0.83715,              0.9952,             0.99544,             0.99456,             0.86969,             0.60419,             0.24072,             0.81027,            0.000595,            0.000595,            0.000595
                  97,             0.66965,              0.2884,             0.83612,             0.99545,             0.99581,             0.99457,             0.86724,             0.60655,             0.24119,             0.81065,            0.000496,            0.000496,            0.000496
                  98,              0.6596,             0.28349,             0.83225,             0.99516,             0.99636,             0.99453,             0.86965,             0.60212,             0.23929,             0.80962,            0.000397,            0.000397,            0.000397
                  99,             0.66181,             0.28364,             0.83234,             0.99496,              0.9963,             0.99455,             0.86958,             0.60227,             0.23909,             0.80955,            0.000298,            0.000298,            0.000298
